{"loss":{"0":-0.1583086401,"1":-0.2711962163,"2":-0.3421661258,"3":-0.4212013483,"4":-0.5045205355,"5":-0.5610818863,"6":-0.6184979081,"7":-0.6766216159,"8":-0.7015144825,"9":-0.7348247766,"10":-0.7562967539,"11":-0.7906301022,"12":-0.8002811074,"13":-0.8176994324,"14":-0.8122552633,"15":-0.8149492741,"16":-0.8200247288,"17":-0.8094041348,"18":-0.8352246284,"19":-0.8434290886,"20":-0.8325673342,"21":-0.8494594097,"22":-0.8403763771,"23":-0.8572430015,"24":-0.8612002134,"25":-0.8677993417,"26":-0.8663559556,"27":-0.871430397,"28":-0.8587625027,"29":-0.863183558,"30":-0.8814923763,"31":-0.8762518764,"32":-0.881691277,"33":-0.880684495,"34":-0.8763757348,"35":-0.8823024035,"36":-0.8845304251,"37":-0.879950285,"38":-0.8847523928,"39":-0.8783650398,"40":-0.8812128901,"41":-0.8722183108,"42":-0.8816377521,"43":-0.8886963725,"44":-0.8800394535,"45":-0.8872126937,"46":-0.8854122758,"47":-0.8771854043,"48":-0.8763277531,"49":-0.8890839815,"50":-0.8891999125,"51":-0.8905727267,"52":-0.8713015318,"53":-0.8840228319,"54":-0.8883302808,"55":-0.8899425864,"56":-0.8915250897,"57":-0.8890206814,"58":-0.8888849616,"59":-0.8962270021,"60":-0.8928274512,"61":-0.8911499381,"62":-0.8903616667,"63":-0.8893324137,"64":-0.8932303786,"65":-0.8921467662,"66":-0.8967344165,"67":-0.8955070376,"68":-0.8976100087,"69":-0.8878260851,"70":-0.8965293169,"71":-0.8953770995,"72":-0.895144999,"73":-0.8942292333,"74":-0.9024083018},"binary_accuracy":{"0":0.9509043097,"1":0.9891531467,"2":0.9915593266,"3":0.9934321046,"4":0.9948483109,"5":0.9948329329,"6":0.9957894087,"7":0.9961738586,"8":0.9962620735,"9":0.996507287,"10":0.9966748953,"11":0.9970281124,"12":0.9970939159,"13":0.9972730875,"14":0.9970038533,"15":0.9970459342,"16":0.9970695376,"17":0.9967861772,"18":0.9972013831,"19":0.9973877072,"20":0.9971243739,"21":0.9973704815,"22":0.9970971942,"23":0.9974480867,"24":0.9975373745,"25":0.9976098537,"26":0.9975244999,"27":0.9976142049,"28":0.9974026084,"29":0.997528851,"30":0.9977167249,"31":0.9976626635,"32":0.9977353811,"33":0.9977582097,"34":0.9976879954,"35":0.9977490306,"36":0.9977497458,"37":0.9977514744,"38":0.9977881312,"39":0.997698307,"40":0.9976816177,"41":0.9974755645,"42":0.9977267981,"43":0.9978269339,"44":0.9978212714,"45":0.9978470802,"46":0.997821331,"47":0.9976348281,"48":0.9976577163,"49":0.9978182316,"50":0.9978581071,"51":0.9979035258,"52":0.9975307584,"53":0.9977463484,"54":0.9978015423,"55":0.9978590608,"56":0.9978733063,"57":0.997844696,"58":0.9978299737,"59":0.9979633093,"60":0.9978650808,"61":0.9978941679,"62":0.9978584647,"63":0.9978394508,"64":0.9979153872,"65":0.997879982,"66":0.9979659319,"67":0.9980087876,"68":0.9980224967,"69":0.997753799,"70":0.997960031,"71":0.9979656339,"72":0.9979575276,"73":0.9979759455,"74":0.9980588555},"iou":{"0":0.0881248266,"1":0.1595306545,"2":0.2101784497,"3":0.2708420157,"4":0.342744559,"5":0.3951536715,"6":0.4543787539,"7":0.5169320703,"8":0.546898663,"9":0.590043962,"10":0.6171529293,"11":0.6573082805,"12":0.6721562147,"13":0.6956409216,"14":0.688139677,"15":0.692594707,"16":0.7004742622,"17":0.6867371798,"18":0.7216474414,"19":0.7363088131,"20":0.7212936878,"21":0.7425116897,"22":0.7292874455,"23":0.7539674044,"24":0.7601049542,"25":0.7697681189,"26":0.7675976157,"27":0.774661243,"28":0.7568588853,"29":0.764518857,"30":0.7900546193,"31":0.7833526731,"32":0.7909923792,"33":0.789555788,"34":0.783462584,"35":0.7918385267,"36":0.7949208617,"37":0.7895155549,"38":0.7968242764,"39":0.786827445,"40":0.7904844284,"41":0.7768107653,"42":0.7912698388,"43":0.8019835949,"44":0.7905896902,"45":0.7998821735,"46":0.7982002497,"47":0.7848573327,"48":0.7841895223,"49":0.8028291464,"50":0.8028124571,"51":0.8069403768,"52":0.7764567137,"53":0.7948440313,"54":0.8013557792,"55":0.8042536974,"56":0.8072168827,"57":0.8032581806,"58":0.8028538227,"59":0.8146333098,"60":0.808754921,"61":0.8063514829,"62":0.8053768873,"63":0.8043391109,"64":0.809479475,"65":0.8079149723,"66":0.8150783777,"67":0.8143976927,"68":0.8170602918,"69":0.8013727665,"70":0.8148658872,"71":0.8136290312,"72":0.813088119,"73":0.812939465,"74":0.8247926235},"dice_coefficients":{"0":0.1583527029,"1":0.2712193131,"2":0.3421472311,"3":0.4212145209,"4":0.5045588613,"5":0.5610466003,"6":0.6184990406,"7":0.6766068339,"8":0.7015032768,"9":0.7348592281,"10":0.7562866807,"11":0.7906281948,"12":0.8002950549,"13":0.8176802993,"14":0.8122625351,"15":0.8149598837,"16":0.8200183511,"17":0.8094174862,"18":0.8352257013,"19":0.8434513807,"20":0.8325769305,"21":0.8494647145,"22":0.840392828,"23":0.8572548032,"24":0.861205399,"25":0.8678078055,"26":0.866353035,"27":0.8714205027,"28":0.8587520123,"29":0.8631917834,"30":0.881490171,"31":0.8762521148,"32":0.8816767335,"33":0.8806836605,"34":0.876386106,"35":0.8823110461,"36":0.8845319748,"37":0.8799464703,"38":0.8847669959,"39":0.8783717752,"40":0.8812299967,"41":0.8722148538,"42":0.8816434741,"43":0.8886868358,"44":0.8800545931,"45":0.8871985078,"46":0.8854153752,"47":0.8771908283,"48":0.8763398528,"49":0.8890854716,"50":0.8892090321,"51":0.8905807734,"52":0.8713109493,"53":0.8840357661,"54":0.8883312345,"55":0.8899291158,"56":0.8915303349,"57":0.8889998198,"58":0.8888943195,"59":0.8962249756,"60":0.8928410411,"61":0.8911358714,"62":0.890370965,"63":0.889328599,"64":0.8932282329,"65":0.8921537399,"66":0.8967217803,"67":0.8955079317,"68":0.8976205587,"69":0.8878396153,"70":0.8965321779,"71":0.8953616023,"72":0.8951550722,"73":0.8942321539,"74":0.9024124146},"val_loss":{"0":-0.0225329343,"1":-0.0178094059,"2":-0.0434356816,"3":-0.1773783714,"4":-0.4590733349,"5":-0.6299346089,"6":-0.715505898,"7":-0.7086550593,"8":-0.7281528711,"9":-0.7031282187,"10":-0.7883591056,"11":-0.8064544201,"12":-0.8060943484,"13":-0.8342945576,"14":-0.5745064616,"15":-0.8305757642,"16":-0.7200853825,"17":-0.8538739681,"18":-0.8519105315,"19":-0.8793680668,"20":-0.8504565358,"21":-0.8642480373,"22":-0.858913362,"23":-0.8484144211,"24":-0.8729883432,"25":-0.8637607694,"26":-0.8732284904,"27":-0.8874488473,"28":-0.8815483451,"29":-0.8970854282,"30":-0.867051065,"31":-0.8647162318,"32":-0.9067833424,"33":-0.858217299,"34":-0.8875765204,"35":-0.8930857182,"36":-0.8924967647,"37":-0.9027262926,"38":-0.8491598964,"39":-0.8935676217,"40":-0.8714040518,"41":-0.84852916,"42":-0.8914654255,"43":-0.8760993481,"44":-0.8722295165,"45":-0.9144280553,"46":-0.8508589268,"47":-0.8238906264,"48":-0.8985375166,"49":-0.8956875801,"50":-0.8982737064,"51":-0.8808662295,"52":-0.8759056926,"53":-0.8492691517,"54":-0.9038447738,"55":-0.8957177997,"56":-0.9010762572,"57":-0.8528137207,"58":-0.8514369726,"59":-0.8971043229,"60":-0.9010179639,"61":-0.8659516573,"62":-0.8410241008,"63":-0.8976720572,"64":-0.9042702317,"65":-0.9032238126,"66":-0.8901929855,"67":-0.8680269718,"68":-0.8776487708,"69":-0.9066570997,"70":-0.8991997838,"71":-0.9174011946,"72":-0.8836565018,"73":-0.9146261215,"74":-0.8873792887},"val_binary_accuracy":{"0":0.989402473,"1":0.9906477928,"2":0.9877842069,"3":0.9928210378,"4":0.9895191789,"5":0.9952607751,"6":0.9971411228,"7":0.9968702793,"8":0.9948193431,"9":0.995973587,"10":0.9972012043,"11":0.9974700212,"12":0.9973763824,"13":0.9976658821,"14":0.9949499965,"15":0.9970505834,"16":0.9966446757,"17":0.9969284534,"18":0.9978161454,"19":0.9976189137,"20":0.9977295399,"21":0.9981045723,"22":0.9968649745,"23":0.9979828,"24":0.9971294403,"25":0.9977436662,"26":0.9975865483,"27":0.9975557923,"28":0.9977784753,"29":0.997828722,"30":0.9976680875,"31":0.9979394078,"32":0.9980871677,"33":0.9975534081,"34":0.9977405071,"35":0.9979761839,"36":0.9979152083,"37":0.9976334572,"38":0.9979476333,"39":0.997774601,"40":0.9981067181,"41":0.9968593717,"42":0.9977356791,"43":0.9978521466,"44":0.9975790977,"45":0.9986428022,"46":0.9969885349,"47":0.9972602725,"48":0.997887671,"49":0.9980323911,"50":0.997843802,"51":0.998042047,"52":0.998029232,"53":0.9970739484,"54":0.9984757304,"55":0.998179853,"56":0.9980214834,"57":0.9967389703,"58":0.9978949428,"59":0.9982309937,"60":0.9978378415,"61":0.9984226823,